05.06.23,1,DONE
08.06.23,1,FAILED
08.06.23,2,FAILED
08.06.23,2,FAILED
08.06.23,2,FAILED
08.06.23,2,FAILED
05.06.23,1,DONE
08.06.23,1,FAILED
08.06.23,2,FAILED
08.06.23,2,FAILED
08.06.23,2,FAILED
08.06.23,2,FAILED
05.06.23,1,DONE
08.06.23,1,DONE
08.06.23,2,DONE
08.06.23,2,DONE
08.06.23,2,DONE
08.06.23,2,DONE
05.06.23,1,DONE
08.06.23,1,FAILED
08.06.23,2,DONE
08.06.23,2,DONE
08.06.23,2,DONE
08.06.23,2,DONE
05.06.23,1,DONE
08.06.23,1,DONE
08.06.23,2,DONE
08.06.23,2,DONE
08.06.23,2,DONE
08.06.23,2,DONE
05.06.23,1,DONE
08.06.23,1,DONE
08.06.23,2,DONE
08.06.23,3,DONE
08.06.23,4,DONE
08.06.23,5,DONE
